timeStamp,elapsed,label,responseCode,responseMessage,threadName,dataType,success,failureMessage,bytes,sentBytes,grpThreads,allThreads,URL,Latency,IdleTime,Connect
1626293334396,151,Request 1,,,Users 1-1,text,true,,0,0,1,1,null,0,0,0
1626293334547,303,Request 4,,,Users 1-1,text,true,,0,0,1,1,null,0,0,0
1626293334851,357,Request 7,,,Users 1-1,text,true,,0,0,1,1,null,0,0,0
1626293335209,198,Request 10,,,Users 1-1,text,true,,0,0,1,1,null,0,0,0
1626293335408,142,Request 13,,,Users 1-1,text,true,,0,0,1,1,null,0,0,0
1626293335550,286,Request 16,,,Users 1-1,text,true,,0,0,1,1,null,0,0,0
1626293335836,317,Request 19,,,Users 1-1,text,true,,0,0,1,1,null,0,0,0
1626293336154,124,Request 22,,,Users 1-1,text,true,,0,0,1,1,null,0,0,0
1626293336278,249,Request 25,,,Users 1-1,text,true,,0,0,1,1,null,0,0,0
1626293336527,244,Request 1,,,Users 1-1,text,true,,0,0,1,1,null,0,0,0
1626293336772,231,Request 4,,,Users 1-1,text,true,,0,0,1,1,null,0,0,0
1626293337004,208,Request 7,,,Users 1-1,text,true,,0,0,1,1,null,0,0,0
